,PPG_Rate,EDA_Tonic,EDA_Phasic,Condition,Gender
1,78.23050058207211,0.16146037506561742,0.007887207506913116,neutral,zena
2,-27.0319223903942,0.012452851098860684,0.011015393589285612,strach,zena
3,-12.966477378592984,0.007017875973936161,0.0027135660685160216,neutral,zena
4,5.386441047412632,0.007689823704523119,-0.0016590904285506969,strach,zena
5,-9.994263784878143,0.006177431730206184,-3.6884911352386834e-05,neutral,zena
6,-26.924048495357546,0.002332658070902466,-0.0013106141363377144,strach,zena
