,PPG_Rate,EDA_Tonic,EDA_Phasic,Condition,Gender
1,82.5386941387266,2.678753979970574,0.022274241162416136,neutral,muz
2,-45.4825742671879,0.02198994747614824,-0.05825733813824298,znechuceni,muz
3,-33.13663259369437,-0.026809459896884658,-0.041097087062956714,neutral,muz
4,-27.27580965301827,-0.07639936236098333,-0.05492021189979546,znechuceni,muz
5,-27.344717766152087,-0.1393348756414623,-0.03597614089198204,neutral,muz
6,-32.72510955832618,-0.14275570370620994,-0.06479760460805159,znechuceni,muz
