,PPG_Rate,EDA_Tonic,EDA_Phasic,Condition,Gender
1,80.41884583033642,0.0663179359822439,-0.0017679447422829545,neutral,zena
2,-33.5045928468836,-0.0005530652854575241,0.0006617640463008232,znechuceni,zena
3,1.8192519927801953,0.003473745202888595,0.0027551505090510475,neutral,zena
4,19.306426199503306,0.005351148908912279,0.0026965239402546386,znechuceni,zena
5,-15.41760272801433,0.018494186372475935,0.001378414103602245,neutral,zena
6,-41.454195384922784,0.019715031178623,0.0017514250401385488,znechuceni,zena
