,PPG_Rate,EDA_Tonic,EDA_Phasic,Condition,Gender
1,84.83054631572958,0.7718353983784112,-0.0204899314486239,neutral,muz
2,-17.768989965697557,0.056641979144195775,0.02094634962575407,nuda,muz
3,-11.657876712520988,0.16766283701523987,0.0016598324125458516,neutral,muz
4,-24.436904030359116,0.2248231462747594,0.04220866384334508,nuda,muz
5,-9.783687267784117,0.17581105433277588,0.015202903626792174,neutral,muz
6,-26.06721050611406,0.15825673171957932,0.022364863641768665,nuda,muz
