,PPG_Rate,EDA_Tonic,EDA_Phasic,Condition,Gender
1,72.54750807638891,0.9896403472200135,-0.009548125172663301,neutral,muz
2,22.961068391016795,-0.025200427678866433,0.021894470491305336,zmatek,muz
3,-16.007644141516096,-0.07124829435841928,0.0022330128796044756,neutral,muz
4,-5.343075322124051,-0.08494870223718731,0.0023758465883353007,zmatek,muz
5,-28.531644134486072,-0.12934490492282946,0.007868726428078933,neutral,muz
6,12.835093514334076,-0.14625072892587054,0.0063253712956661285,zmatek,muz
