,PPG_Rate,EDA_Tonic,EDA_Phasic,Condition,Gender
1,98.90876595065028,0.4854701521734671,0.031731801336401334,neutral,zena
2,18.553684998153216,0.05643119673971586,-0.010024540783104215,nuda,zena
3,-23.71001302947731,-0.011245809436161658,-0.02781027381017274,neutral,zena
4,-26.543572014511497,-0.03473005916878358,-0.02183264116181416,nuda,zena
5,1.5282657522257637,-0.17475678333160372,-0.030924522882510908,neutral,zena
6,-7.912638325226126,-0.18024433208102897,-0.0317441902652841,nuda,zena
