,PPG_Rate,EDA_Tonic,EDA_Phasic,Condition,Gender
1,36.37427644388002,0.3947407452650468,0.0017572826746952068,neutral,muz
2,-20.0671722050359,0.0005735753872205818,-0.0011720211515207244,pozitivni,muz
3,21.03536902708482,-0.00551660908713697,0.019881176761958427,neutral,muz
4,58.374284379192034,-0.014775791551006723,-0.00807498271617744,pozitivni,muz
5,-22.91318151851808,-0.013770617370329197,-0.001473918017567862,neutral,muz
6,-24.469915192028903,-0.008903538552616996,-0.0031169565583801335,pozitivni,muz
