,PPG_Rate,EDA_Tonic,EDA_Phasic,Condition,Gender
1,85.94708383699266,0.5229355161440846,0.0025600030271441176,neutral,muz
2,-17.487295205660644,0.0072696316291721574,-0.0014139423546986336,znechuceni,muz
3,-0.8267777833670351,0.01701838468375494,-0.003315096722607152,neutral,muz
4,-21.243989050368185,0.023737642786415436,-0.002981033081661209,znechuceni,muz
5,-27.032328806038258,0.035088042886743054,-0.0027757993212367085,neutral,muz
6,-8.617202360276153,0.03910072641184137,-0.003885536500282635,znechuceni,muz
