,PPG_Rate,EDA_Tonic,EDA_Phasic,Condition,Gender
1,70.16932103939652,0.0845728121934277,-0.001850174489242019,neutral,zena
2,-5.537715435923786,0.004028696992601971,-0.0033185045434797732,pozitivni,zena
3,1.8929771129512005,0.006907015299004934,-0.006175018687857382,neutral,zena
4,15.923563785705653,0.009942574675256277,-0.00320681256225249,pozitivni,zena
5,-4.872223373338542,0.03170282763589831,-0.0019534345924670056,neutral,zena
6,19.030060361430344,0.031325420297983964,-0.01179297403415171,pozitivni,zena
