,PPG_Rate,EDA_Tonic,EDA_Phasic,Condition,Gender
1,75.20260747119667,0.8607448721919894,0.0013290336041836544,neutral,muz
2,8.355468205582739,-0.02024717522387609,0.005727483149927505,znechuceni,muz
3,3.341051091685131,0.014610660231635153,-0.02012828205953643,neutral,muz
4,-2.3469038219164133,0.04926664400106551,0.00031731317579960865,znechuceni,muz
5,11.472011941659332,0.0002502693720735083,-0.005004322156826564,neutral,muz
6,-0.24518965933181391,-0.0046744943425727215,-0.0019169996368290075,znechuceni,muz
