,PPG_Rate,EDA_Tonic,EDA_Phasic,Condition,Gender
1,83.49407840944393,0.30512485710103476,0.0062187998684164175,neutral,muz
2,-2.050423176708435,0.01200618313483659,-0.00720358765766378,strach,muz
3,-6.446155257192558,0.02324777038642889,-0.00705216769047297,neutral,muz
4,-0.19249266679057087,0.0278502005800364,-0.0070953030141093386,strach,muz
5,0.45121616171758205,0.03769773736894183,-0.008901902151794233,neutral,muz
6,-0.053564281159623306,0.04572647270416985,-0.010250223250751402,strach,muz
