,PPG_Rate,EDA_Tonic,EDA_Phasic,Condition,Gender
1,69.17138445702521,0.4696543005637009,-0.0030599441132587494,neutral,muz
2,0.12616572395955927,0.019355141152656463,0.0040029649906087456,zmatek,muz
3,-2.95201424564965,0.009466165989725106,-0.007920260601811087,neutral,muz
4,-9.457297637539064,0.013093378668341038,0.007205298972899898,zmatek,muz
5,10.724883638840794,-0.0430451497545683,-0.0031939988346239693,neutral,muz
6,-0.22912527191718368,-0.005312102536906671,-0.005064414876836031,zmatek,muz
