,HRV_ULF,HRV_VLF,HRV_LF,HRV_HF,HRV_VHF,HRV_LFHF,HRV_LFn,HRV_HFn,HRV_LnHF,HRV_RMSSD,HRV_MeanNN,HRV_SDNN,HRV_SDSD,HRV_CVNN,HRV_CVSD,HRV_MedianNN,HRV_MadNN,HRV_MCVNN,HRV_IQRNN,HRV_pNN50,HRV_pNN20,HRV_TINN,HRV_HTI,HRV_SD1,HRV_SD2,HRV_SD1SD2,HRV_S,HRV_CSI,HRV_CVI,HRV_CSI_Modified,HRV_PIP,HRV_IALS,HRV_PSS,HRV_PAS,HRV_GI,HRV_SI,HRV_AI,HRV_PI,HRV_C1d,HRV_C1a,HRV_SD1d,HRV_SD1a,HRV_C2d,HRV_C2a,HRV_SD2d,HRV_SD2a,HRV_Cd,HRV_Ca,HRV_SDNNd,HRV_SDNNa,HRV_ApEn,HRV_SampEn,type,Condition
0,,,,0.17706967418290123,0.04447654819680559,,,0.7992448360479039,-1.7312119844125717,125.79466788933367,875.3156565656566,97.8325525403192,126.43127495902911,0.11176831101613098,0.1437134900372914,890.625,46.33125,0.05202105263157895,78.125,27.27272727272727,59.59595959595959,781.25,3.8076923076923075,89.40041187759041,105.31874713796844,0.8488556340351744,29579.789322439345,1.1780566210609171,5.177965186437138,496.28578955089694,0.6767676767676768,0.6666666666666666,0.9285714285714286,0.2608695652173913,48.77450980392155,49.1063658789712,48.5365278929688,47.61904761904761,0.4324622166246851,0.5675377833753149,58.7960960585548,67.35530321940767,0.5379475139272865,0.46205248607271354,77.24593539318114,71.58983142837971,0.4937669383987276,0.5062330616012723,68.64370126418854,69.50482298273326,0.7319455918167304,0.972924073504613,stimul,zmatek
0,,,,,,,,,,362.0821945705146,703.125,226.69715825854544,401.3121382311612,0.3224137361899313,0.5149613433891763,656.25,254.82187499999998,0.3883,390.625,80.0,80.0,500.0,2.5,,,,,,,,,,,,,,,,,,,,,,,,,,,,,,base,zmatek
