,PPG_Rate,EDA_Tonic,EDA_Phasic,Condition,Gender
1,67.3566041045431,1.0801151154490702,-0.026677663085479943,neutral,muz
2,-5.517824226586221,0.02188212616238072,0.05785939688936211,pozitivni,muz
3,-1.7469802727622579,-0.0664778384711564,0.027165839048397256,neutral,muz
4,-2.845275356777748,-0.109469894239272,0.03104408216704347,pozitivni,muz
5,11.736952858194144,-0.33558057514725037,0.02712803370505201,neutral,muz
6,1.7516673286144169,-0.3535881914232062,0.028364733065690664,pozitivni,muz
