,PPG_Rate,EDA_Tonic,EDA_Phasic,Condition,Gender
1,66.82027426277375,0.19211204983190114,0.0028772458010038167,neutral,zena
2,-9.58858903435786,0.006093687839132722,-0.000346284293088181,nuda,zena
3,3.8318612663430542,0.004677294688837652,-0.004685589965535171,neutral,zena
4,3.6667764166090677,0.004631260431292472,-0.0014533831178708148,nuda,zena
5,-9.831577161703706,-0.01515673595733208,-0.0043688716074480344,neutral,zena
6,2.581520483920116,-0.016037790415673908,-0.005613912242107401,nuda,zena
