,PPG_Rate,EDA_Tonic,EDA_Phasic,Condition,Gender
1,87.34996774181957,0.208068410084807,0.001059472948263219,neutral,muz
2,-40.54458917858035,-0.0012780860417979656,0.00038807898707559686,nuda,muz
3,-36.594011289264074,0.027149905980138195,0.0005240324335675367,neutral,muz
4,-31.139226070621078,0.03925891724820044,0.005778903425235224,nuda,muz
5,-44.97211142631887,0.08450172683035753,0.004997339751430414,neutral,muz
6,-47.628101384509094,0.09590914237529805,0.002433459492367833,nuda,muz
