,PPG_Rate,EDA_Tonic,EDA_Phasic,Condition,Gender
1,72.07705606322548,1.217424231922225,-0.00877771065365101,neutral,muz
2,53.030542458402536,-0.0015626766041443307,-0.01510122263733452,radost,muz
3,-12.198733509861974,-0.08069366393982969,-0.003064622822619956,neutral,muz
4,-6.115386295794281,-0.08273525277544813,-0.028794710781701163,radost,muz
5,-28.97549044242532,-0.09639982450052464,-0.01706703692052928,neutral,muz
6,-11.850319648812395,-0.13968798441392716,-0.011292247658584172,radost,muz
