,PPG_Rate,EDA_Tonic,EDA_Phasic,Condition,Gender
1,54.70632341914518,0.09465624620081053,-0.0020177760078686252,neutral,zena
2,-15.211107156671709,0.0007932974189348713,0.0013422180348625881,pozitivni,zena
3,8.07200206510361,0.0038052664950541937,0.0013179153380898103,neutral,zena
4,-0.5599611973691694,0.004563455388240822,0.002214877641528799,pozitivni,zena
5,9.380162375212265,0.004841271483150028,0.0022067788241818594,neutral,zena
6,-3.942095387773051,0.004818232061035571,0.0025470305350113443,pozitivni,zena
