,PPG_Rate,EDA_Tonic,EDA_Phasic,Condition,Gender
1,71.36937908252433,0.1349019138430751,0.0038191192061850406,neutral,zena
2,-24.062211259595017,0.006915101242945809,-0.007044819382381335,strach,zena
3,-9.518794699259132,0.007237201669605203,-0.0075301652543416486,neutral,zena
4,-12.561606053597515,0.0027939615357815417,-0.00531651947161151,strach,zena
5,-12.354473448819363,0.0019340571168221243,0.004242167092191579,neutral,zena
6,0.8605858947172038,0.0017849024558259374,3.010248117863573e-05,strach,zena
