,PPG_Rate,EDA_Tonic,EDA_Phasic,Condition,Gender
1,77.1895881215276,0.07927839516873599,-0.00046003689481491437,neutral,zena
2,-31.660478795769492,-4.169186866521957e-05,0.002430582611925989,nuda,zena
3,-31.439265902730845,-0.000774689871790829,-0.0006780145932664955,neutral,zena
4,-16.23682689270626,-0.0006623231708348803,-3.070460961515989e-05,nuda,zena
5,-38.23537389351448,-0.011395792911551086,0.0014621487408703476,neutral,zena
6,-20.03789319639288,-0.012392534353821594,0.0002388317646205422,nuda,zena
