,PPG_Rate,EDA_Tonic,EDA_Phasic,Condition,Gender
1,107.29201288885635,0.8935288429663466,0.0022430433120166323,neutral,muz
2,-25.218844375162902,-0.018219763872880712,0.0028616696775700372,zmatek,muz
3,-35.375951483236065,-0.04181862741520692,-0.004327930161265547,neutral,muz
4,-3.124706205632222,-0.052040223112832296,0.0029499383020933894,zmatek,muz
5,-39.412684331434576,-0.1471511101172529,0.0071498399434239265,neutral,muz
6,-27.98244523707278,-0.11241883714825507,-0.034019737665619346,zmatek,muz
