,PPG_Rate,EDA_Tonic,EDA_Phasic,Condition,Gender
1,106.93724149323658,0.6081533606246539,-0.0016681772872310162,neutral,muz
2,-42.09311632476617,0.004210818251970894,0.00876194216788638,zmatek,muz
3,-54.37636679246432,-0.018250230406246404,-0.0009798656754604626,neutral,muz
4,-49.619192111659835,-0.027433490381873815,-0.016918353975410447,zmatek,muz
5,-17.248099839448912,-0.03785901772069944,0.001715705433817057,neutral,muz
6,-53.45262668982574,-0.017681228657876802,-0.05084565106676439,zmatek,muz
