,PPG_Rate,EDA_Tonic,EDA_Phasic,Condition,Gender
1,65.87311733398533,0.10729553183248179,-0.0009704757580031728,neutral,zena
2,-3.8097070718556623,-0.00021818142495165505,0.001919493529268402,nuda,zena
3,-15.705083436351352,-0.0002882902875632892,0.0011603479251582056,neutral,zena
4,-4.126568626896301,0.0009768975702719868,0.0016138016246719832,nuda,zena
5,1.511903230889061,0.0015701645223274996,-0.0005029347515893986,neutral,zena
6,0.9453712612159393,0.0016225467851249536,0.0005721117640576873,nuda,zena
