,PPG_Rate,EDA_Tonic,EDA_Phasic,Condition,Gender
1,57.88565637360867,0.11449465244810965,0.0010364503417205871,neutral,zena
2,-9.384729353335523,0.0002104667175644448,-0.0008706141752013111,strach,zena
3,-6.990422121805672,0.0017632186075401818,-0.0002687753172164602,neutral,zena
4,-6.075274065450365,0.002634168750608873,-0.0021726876633176833,strach,zena
5,-1.6315575585357962,0.0034862798142273055,-0.0011507731527064127,neutral,zena
6,4.564915754975225,0.003582279477147024,-0.0007340578995849072,strach,zena
