,PPG_Rate,EDA_Tonic,EDA_Phasic,Condition,Gender
1,67.59078134071464,0.11700724490678556,0.0029384128739303075,neutral,muz
2,-30.324144013106306,0.004565270817072087,-0.005494890539443514,strach,muz
3,-23.00009576016472,0.007717358216798531,-0.004222195527955346,neutral,muz
4,-4.852705805766675,0.008810299591214918,-0.0021592900653863117,strach,muz
5,-27.367822243050874,0.006876009731980368,-0.003460860490700245,neutral,muz
6,-8.05988092675765,0.0047307850677214686,-0.0015300070502918652,strach,muz
