,PPG_Rate,EDA_Tonic,EDA_Phasic,Condition,Gender
1,80.2852686001778,0.20627753850774472,0.005493135609124416,neutral,muz
2,-8.848987961059194,0.0074552221897567494,-0.008554883697128892,pozitivni,muz
