,PPG_Rate,EDA_Tonic,EDA_Phasic,Condition,Gender
1,62.20229659100173,2.7978344207096266,0.024893957650967267,neutral,muz
2,-30.517963571851382,0.059157652804635585,-0.052853960083778316,radost,muz
3,-26.17569333568278,-0.024477390035274826,-0.03600494829127864,neutral,muz
4,-20.050311471806054,-0.025172420541446083,-0.12308101757745518,radost,muz
5,-7.444735803308802,0.012274919992132816,-0.07378095453630529,neutral,muz
6,-15.755132861934207,-0.11136700939713551,-0.03278585279401943,radost,muz
