,PPG_Rate,EDA_Tonic,EDA_Phasic,Condition,Gender
1,75.31334185427703,1.0948052434376327,0.006735656773005887,neutral,muz
2,8.027124543583582,-0.00892948818436401,-0.0037328987184832045,znechuceni,muz
3,24.510741103822852,-0.04177640171295094,-0.005239408051802755,neutral,muz
4,2.7366744776929295,-0.05371688412786435,-0.014756146646598422,znechuceni,muz
5,37.5766286922678,-0.05192244886101838,-0.012515443559403393,neutral,muz
6,-25.076308038715837,-0.06384987074010362,-0.0023001757031144666,znechuceni,muz
