,PPG_Rate,EDA_Tonic,EDA_Phasic,Condition,Gender
1,65.34534534534535,0.2996169978105945,0.000331692397610086,neutral,muz
2,0.14463349075386134,-0.0007613370708039469,-0.002072010275587308,pozitivni,muz
3,-3.5094529665729084,-0.019685296341356073,0.006500583418422889,neutral,muz
4,18.234735426182127,0.023927780370568308,-0.03751300575920979,pozitivni,muz
5,-7.066869531520339,0.23211231832757506,-0.025044420538295222,neutral,muz
6,1.0516473206821502,0.2630489321632892,-0.022563347130057077,pozitivni,muz
