,PPG_Rate,EDA_Tonic,EDA_Phasic,Condition,Gender
1,76.7563559014663,0.408243524025476,-0.002015848012470381,neutral,zena
2,-7.075681426187543,-0.0012081648030789482,0.010911878954986803,znechuceni,zena
3,-15.43106363282854,-0.007245398293664995,0.012074484320657058,neutral,zena
4,-0.3531150132617853,-0.008895188367535611,0.005148896563723154,znechuceni,zena
5,-38.103653078866785,-0.019183279243364604,0.0042982809775070005,neutral,zena
6,-25.33545377844164,-0.01756116912795669,0.008550924240393224,znechuceni,zena
