,PPG_Rate,EDA_Tonic,EDA_Phasic,Condition,Gender
1,88.32037035866108,0.3576009727803169,-0.010135371058676122,neutral,muz
2,-38.403231763001315,-0.014052513034117864,0.006757312673170507,radost,muz
3,-24.328643083207083,-0.012834444165864822,0.01182542260027931,neutral,muz
4,-39.751347758540994,-0.013188864441599835,0.00930033141272863,radost,muz
5,-33.77614416965618,-0.00708600847227242,0.011752012486624904,neutral,muz
6,-37.60852589130304,-0.006624174633543145,0.011012300111374187,radost,muz
