,PPG_Rate,EDA_Tonic,EDA_Phasic,Condition,Gender
1,80.26473647177932,0.1982624843641696,-0.008662225042437655,neutral,zena
2,-26.64597368848068,-0.005774813377973004,0.00724422926835082,znechuceni,zena
3,-17.803081552086745,-0.006733154343246839,0.010356370886305618,neutral,zena
4,11.223925714227704,-0.005323211165879915,0.009855335668651526,znechuceni,zena
5,-1.1817535299582573,-0.008439348093154192,0.006943461247845372,neutral,zena
6,-1.4018439796232087,-0.0060096426579175355,0.004555765182012132,znechuceni,zena
