,PPG_Rate,EDA_Tonic,EDA_Phasic,Condition,Gender
1,72.72727272727276,0.27130559996077336,0.00586210359439061,neutral,zena
2,-13.73186354839764,0.005715907343035842,-0.007552713414556588,pozitivni,zena
3,-18.48236063709878,-0.01601200981852907,-0.014845919583217548,neutral,zena
4,10.281784749743721,-0.014552149586804397,-0.004414035208664241,pozitivni,zena
5,3.157285908237128,-0.01517202298263065,-0.0084635754253822,neutral,zena
6,12.203831008840979,-0.02313835686236107,-0.005353034148278308,pozitivni,zena
