,PPG_Rate,EDA_Tonic,EDA_Phasic,Condition,Gender
1,72.21492537313428,0.16757014402236786,-0.01550129968718984,neutral,zena
2,-8.68327403854341,-0.00436026826003022,0.005676202990482666,strach,zena
3,-2.7786633525645072,-0.006021893545179513,0.01012575795259991,neutral,zena
4,9.850920650277999,-0.015718758033520408,0.008563229824437309,strach,zena
5,-2.001176393732621,-0.02047346038211667,0.013961931350792612,neutral,zena
6,5.867760628898537,-0.01890857292293366,0.018869579570217756,strach,zena
