,PPG_Rate,EDA_Tonic,EDA_Phasic,Condition,Gender
1,52.95091009376722,0.3846074091747436,-9.450007584524932e-05,neutral,muz
2,22.398597799201312,-0.012878288335488985,3.580862486564115e-05,pozitivni,muz
3,21.091228351322357,-0.017678183894311972,0.0011655040160313663,neutral,muz
4,12.359008888528535,-0.019102392839655757,-0.0014687667102365508,pozitivni,muz
5,29.156246976484155,-0.024136385569790197,-0.0051685725527047316,neutral,muz
6,-10.097462450125413,-0.028803147320448974,-0.001539994214031725,pozitivni,muz
