,PPG_Rate,EDA_Tonic,EDA_Phasic,Condition,Gender
1,39.613035927548154,0.21804335992447826,0.015826220149728214,neutral,muz
2,-4.458129660228117,0.029970585372292635,-0.011510246471555071,nuda,muz
3,-3.1199767347364045,0.03870846789998256,-0.008650612341587286,neutral,muz
4,4.526186814803239,0.058490844296933686,-0.018320110617321163,nuda,muz
