,PPG_Rate,EDA_Tonic,EDA_Phasic,Condition,Gender
1,75.76567417292715,0.13793770047163778,-0.0041137812196869825,neutral,zena
2,-15.567162497990736,-0.0030593999520400483,0.004225622907845426,strach,zena
3,-36.89854230182125,-0.003301198684088208,0.004468484696952431,neutral,zena
4,-18.171973621432123,-0.002203088283903004,0.003861085725601773,strach,zena
5,-28.252596733028625,-0.002880134010923935,0.0038911259865168717,neutral,zena
6,-4.237221149541583,-0.004321677342463887,0.003733447240084423,strach,zena
