,PPG_Rate,EDA_Tonic,EDA_Phasic,Condition,Gender
1,74.5427453748842,2.9424262931717786,0.021807677934639103,neutral,muz
2,-41.7147329773405,-0.07599423014618534,-0.06606851491961531,zmatek,muz
3,-12.98520717845983,-0.1435369693975086,-0.037694915374831106,neutral,muz
4,-11.184479132492328,-0.12182734080469437,-0.03877370148398139,zmatek,muz
5,23.81772110261508,-0.37266184874973485,-0.06262897989582566,neutral,muz
6,-35.816380753998565,-0.4293362904002409,-0.07158150872794061,zmatek,muz
