,PPG_Rate,EDA_Tonic,EDA_Phasic,Condition,Gender
1,80.46769548249537,0.04776593880328686,0.0007039256247676512,neutral,zena
2,-7.756874190518047,-0.0011248757483365845,-0.0010827683234271572,pozitivni,zena
3,5.718447643199482,-0.0023513931893976853,-0.0005138037076471851,neutral,zena
4,5.482596076550962,0.00030279441138716945,-0.0022659299153719873,pozitivni,zena
5,-13.662945012492926,0.024208490754710307,-0.00046189278346958515,neutral,zena
6,-23.009655070370478,0.027499146400159838,-0.000719074914163221,pozitivni,zena
