,PPG_Rate,EDA_Tonic,EDA_Phasic,Condition,Gender
1,80.34461538461537,0.4256693622678957,-0.0063051104772872246,neutral,zena
2,-9.003232004656553,0.0046181427719415025,0.045571632664715124,pozitivni,zena
3,-7.186610655313473,-0.0023052187900511334,0.024114010196908862,neutral,zena
4,9.342097601918226,-0.00858560134080838,0.029312893685997966,pozitivni,zena
5,-18.12528524266569,0.009353188305146531,-0.011648130114915818,neutral,zena
6,-35.625851392088855,0.03891656008888,0.055315902084119954,pozitivni,zena
