,PPG_Rate,EDA_Tonic,EDA_Phasic,Condition,Gender
1,60.628107490327984,0.10454614658434652,0.0004286073924887026,neutral,muz
2,-1.0739693393328764,0.0009798806868588361,-0.0008175564345945512,pozitivni,muz
3,0.6846955777288741,0.0009648753709150665,7.373001590133021e-05,neutral,muz
4,-12.584178042313582,0.0009434481685537816,9.127630657625131e-05,pozitivni,muz
5,-17.704905117101497,0.002504373993669387,-0.0010693307977442208,neutral,muz
6,-5.038330581731103,0.0025365028828553404,-0.0008167936622295207,pozitivni,muz
