,PPG_Rate,EDA_Tonic,EDA_Phasic,Condition,Gender
1,79.49443660168193,0.1518995795087687,-8.312219890865976e-05,neutral,zena
2,-11.678216810435956,-0.003335491980337807,-0.0009067249073416241,zmatek,zena
3,-19.10590669467048,-0.001644777209397763,0.000983638470295077,neutral,zena
4,-28.010291947977166,0.0004215077398617706,0.0004277308660491704,zmatek,zena
5,-29.644415273800284,-0.006235278495503427,-0.0010555922367741213,neutral,zena
6,0.7708375979800337,-0.0068229114816487635,-0.0002691656018688198,zmatek,zena
