,PPG_Rate,EDA_Tonic,EDA_Phasic,Condition,Gender
1,78.69627837204965,0.14277377331025146,0.0013025571740303541,neutral,zena
2,12.65529340445407,0.0031074418563457606,-0.002010790138194194,znechuceni,zena
3,-8.563230917915561,0.003702617435628469,-0.0005739774995410591,neutral,zena
4,4.26710791199956,0.0022668204618501997,-0.0009523883059922239,znechuceni,zena
5,-24.281739968017185,0.0006311805955502847,-0.0015923482252254194,neutral,zena
6,3.7266302379858303,0.0007604378698695957,-0.0026192918375378916,znechuceni,zena
