,PPG_Rate,EDA_Tonic,EDA_Phasic,Condition,Gender
1,68.82594776827456,0.6012934127233058,0.004961709254039471,neutral,muz
2,-8.014224732071817,0.076417771661908,-0.084289343031478,radost,muz
3,-6.992053194889429,0.1295882240542553,-0.03519812538222139,neutral,muz
4,-0.9291510814226172,0.11856769991887783,-0.059925158897602755,radost,muz
5,-13.24169483800027,0.15944658141155332,-0.031175601716261492,neutral,muz
6,-3.0562256586394625,0.15915573063200195,-0.05361660052302686,radost,muz
