,PPG_Rate,EDA_Tonic,EDA_Phasic,Condition,Gender
1,91.14268453080058,0.33860697139207235,-0.003703458785785266,neutral,muz
2,-22.454346770556754,0.0010389911603957414,0.008502875159434785,pozitivni,muz
3,-43.2027667092308,0.0022328637499051673,0.006862786178911465,neutral,muz
4,-48.19391548635952,0.0028166518237074945,0.00377866090957408,pozitivni,muz
5,-0.8571305496218713,0.008424578362342061,0.002925300454157449,neutral,muz
6,-34.01396060719208,0.006625220205932036,0.012157997264472578,pozitivni,muz
