,PPG_Rate,EDA_Tonic,EDA_Phasic,Condition,Gender
1,65.681619019381,0.404437582117614,-0.011521409857726178,neutral,zena
2,-19.28796815474074,-0.07229067224275865,0.03350845468802069,zmatek,zena
3,-31.621528461239585,-0.1014171362795725,0.012638205613353859,neutral,zena
4,-27.99940763378539,-0.10198406988333797,0.029971558196914067,zmatek,zena
5,24.684438448080186,-0.09589754246706345,0.017829945193749225,neutral,zena
6,24.88276041018257,-0.08296871972471687,0.03146120759697919,zmatek,zena
