,PPG_Rate,EDA_Tonic,EDA_Phasic,Condition,Gender
1,75.13546056592416,1.1117080935670733,0.021942894620821843,neutral,muz
2,-0.39627689113869735,-0.014849231791555395,-0.024498856084127857,radost,muz
3,5.996049262753942,0.04497286861220218,-0.0019891102082967085,neutral,muz
4,-3.8020390630644414,0.027701653272048432,-0.019162483605174377,radost,muz
5,-23.016963076273,-0.027269313401676376,0.006069064894878493,neutral,muz
6,-3.8414651050631363,-0.04482087065734497,-0.015713658901051607,radost,muz
