,PPG_Rate,EDA_Tonic,EDA_Phasic,Condition,Gender
1,75.82670203359861,0.8342031190229615,-0.002919093130474227,neutral,muz
2,-20.86591222031157,-0.013209831693915763,0.0030837400035566578,strach,muz
3,-15.545173992345902,-0.035924322388266705,0.001775391244455542,neutral,muz
4,-17.323206384324763,-0.047693659080332185,0.0018931545557360505,strach,muz
5,2.2724877780040913,-0.06291769396351377,0.006135730723216742,neutral,muz
6,-21.382997964521877,-0.08001927265183595,-0.002220022175178078,strach,muz
