,PPG_Rate,EDA_Tonic,EDA_Phasic,Condition,Gender
1,69.68932636111968,0.6266253252666633,-0.002036150068770309,neutral,muz
2,2.326664782670079,-0.005774469645465685,-0.0005055522047663855,znechuceni,muz
3,-4.94011741277059,-0.023994764466811924,0.006793399354726681,neutral,muz
4,-6.538494391661175,-0.026058408357511054,0.004008124282183804,znechuceni,muz
5,-10.690997980960077,-0.04955666713687701,0.01073965543026647,neutral,muz
6,22.882358754660316,-0.05305729499887957,-0.0023126673831950595,znechuceni,muz
