,PPG_Rate,EDA_Tonic,EDA_Phasic,Condition,Gender
1,54.954967979870794,0.12098833066310295,0.0011179935109464384,neutral,zena
2,24.308850355778496,0.0008361299709944287,3.599656198101137e-05,zmatek,zena
3,-15.340607397405527,0.0005865267905088151,-0.0007909061973247615,neutral,zena
4,-6.4926820298165,-0.0008330650618362662,-0.0015768794657690251,zmatek,zena
5,9.736830862392459,0.002134909662371398,-0.0007206758072885854,neutral,zena
6,12.99964819525055,0.0011151620768520415,-0.001827279622722865,zmatek,zena
