,PPG_Rate,EDA_Tonic,EDA_Phasic,Condition,Gender
1,61.04599414185247,0.12549291652225733,-0.0014725813948822247,neutral,muz
2,-21.80479941862724,-0.001978982118142167,0.0001691520569513925,zmatek,muz
3,-24.59789897866746,-0.0026079496070828684,0.0002786471055914682,neutral,muz
4,-15.00222804371051,-0.002399866222175459,0.0016172677283504584,zmatek,muz
5,-19.34554271978905,-0.0017779112069523373,0.0007521999158707321,neutral,muz
6,-4.039963895311637,-0.0018418906718155187,5.396241358572129e-05,zmatek,muz
