,PPG_Rate,EDA_Tonic,EDA_Phasic,Condition,Gender
1,85.69192920423299,0.3540057531055745,-0.0014047124869501768,neutral,muz
2,-37.54570353789175,0.002027801501275961,0.00134690333045201,pozitivni,muz
3,-35.92179461508189,0.0007640449352592227,0.0004390632924704878,neutral,muz
4,-31.478686055265506,-0.0005505931967693112,0.0009531748128962988,pozitivni,muz
5,-37.19953055500236,0.008396716868857734,-0.0032789342971982346,neutral,muz
6,-47.755243879200684,0.006775093722573788,0.0011985849342225647,pozitivni,muz
