,PPG_Rate,EDA_Tonic,EDA_Phasic,Condition,Gender
1,75.22591389728507,0.09596685289713533,0.0007802985690361801,neutral,zena
2,5.35166690818447,0.000931532386663006,-0.0005904410054762181,radost,zena
3,-7.026424752650371,0.004223612952038824,-0.0009814390748319511,neutral,zena
4,-31.591743411995076,0.005238357750264738,-0.000448716770837727,radost,zena
5,-28.748797713519572,0.009567475969487996,-0.0022185207667956572,neutral,zena
6,11.915446845897577,0.010329037782976419,-0.0016731983764368902,radost,zena
