,PPG_Rate,EDA_Tonic,EDA_Phasic,Condition,Gender
1,70.55461041170466,0.14016888067299305,-0.01092827147958356,neutral,zena
2,-6.724813846708308,0.016473708086791217,0.00796066054710129,znechuceni,zena
3,42.15328779609415,0.017091752497615353,0.038356998426954905,neutral,zena
4,-14.77501764759009,0.05516608831239367,0.01937161687625245,znechuceni,zena
5,-20.790548693364173,0.08537640895963228,0.001056982739841122,neutral,zena
6,-13.975888375790731,0.09334575958388841,0.006873255994601619,znechuceni,zena
