,PPG_Rate,EDA_Tonic,EDA_Phasic,Condition,Gender
1,77.55706270290297,0.16204610655513924,-0.006369954905333803,neutral,zena
2,-14.228871751944553,-0.0025460495317597143,-0.0016401220695046095,znechuceni,zena
3,8.698521958268984,-0.0009065402184499638,0.0007428532759702735,neutral,zena
4,2.549181948638477,-0.00723146727750576,0.003769955940668566,znechuceni,zena
5,-2.3754235147436162,-0.013091398060024878,0.007136524416137481,neutral,zena
6,12.983921787754824,-0.017136578490511284,0.008236045891492936,znechuceni,zena
