,PPG_Rate,EDA_Tonic,EDA_Phasic,Condition,Gender
1,84.44307428825087,0.3378727931218686,0.0007844478049317076,neutral,muz
2,-43.41804195521324,-0.00047372451444283037,-0.002757078034578679,radost,muz
3,-35.38469783689093,-0.0008588064014916075,-0.00239822768135593,neutral,muz
4,-41.79828287748901,-0.0028161331353980246,-0.0015359064226114672,radost,muz
5,-3.0341110130131455,-0.0014341010431577206,-0.001347443939968954,neutral,muz
6,-37.31333182006117,-0.0017006716162347724,0.0015891030501285076,radost,muz
