,PPG_Rate,EDA_Tonic,EDA_Phasic,Condition,Gender
1,86.24113475177302,0.6277907078417674,-0.017853075672750046,neutral,zena
2,5.082656748345528,-0.05893248616786029,0.04414271176918413,strach,zena
3,-2.026327412295899,-0.06237966115544957,0.00608211895116384,neutral,zena
4,2.553655309328917,-0.06439080574875133,0.06757961989575267,strach,zena
5,-5.514486654089666,-0.06426785080577613,0.07916496455113775,neutral,zena
6,3.5127671489918555,-0.0609152484744907,0.08114641290921655,strach,zena
