,PPG_Rate,EDA_Tonic,EDA_Phasic,Condition,Gender
1,79.75748860362867,2.6224963529641045,0.06706510552781483,neutral,muz
2,-34.13841231114724,-0.09533862661201686,-0.09220579366075896,pozitivni,muz
3,-24.499005626065816,-0.2690855470833373,-0.07098033261103884,neutral,muz
4,26.889197578109048,-0.2513313187161166,-0.10499117417884607,pozitivni,muz
5,-14.474586734472979,-0.18072242946772032,-0.06538762779480545,neutral,muz
6,-34.05562812625238,-0.22400161645790506,-0.08118352416748627,pozitivni,muz
