,PPG_Rate,EDA_Tonic,EDA_Phasic,Condition,Gender
1,71.0949179439483,1.3339629753906346,0.02169099884231134,neutral,muz
2,23.587204918729384,-0.05310898355619553,-0.034871144979634505,pozitivni,muz
3,15.137854238431785,-0.3900557936406873,-0.03592541892859095,neutral,muz
4,17.991786592032938,-0.34215757307887873,-0.05700646957843773,pozitivni,muz
