,PPG_Rate,EDA_Tonic,EDA_Phasic,Condition,Gender
1,65.53549344546128,0.11858266176812511,-0.00013580404560544024,neutral,zena
2,-10.106054944155822,0.003502012011668415,0.00044698417903535424,pozitivni,zena
3,-15.822732063346947,0.010467326236792737,0.00033546326460258104,neutral,zena
4,-20.761731414666137,0.012161776008466033,0.00035633548208744803,pozitivni,zena
5,-14.268849823629637,0.016238406424673127,-0.00013512420209942314,neutral,zena
6,-25.40085083230037,0.018620716858653782,-1.6837753179886204e-05,pozitivni,zena
