,PPG_Rate,EDA_Tonic,EDA_Phasic,Condition,Gender
1,75.4906054279749,0.16788282522034131,0.0013119180652022256,neutral,zena
2,6.165393560208045,0.0016380065587061066,0.0007780846823877731,nuda,zena
3,-12.025695472758677,0.0036697708040207833,0.00034939221963062577,neutral,zena
4,-19.557877718147004,0.0037505738545114964,-0.0008661507654046547,nuda,zena
5,-3.8670762157596954,0.005005880942844543,-0.00016323741430351803,neutral,zena
6,0.3549313824826186,0.005767619392742951,-0.0018682730825243829,nuda,zena
