,PPG_Rate,EDA_Tonic,EDA_Phasic,Condition,Gender
1,79.77642765027012,0.6543370908678295,0.006656418557087157,neutral,muz
2,-9.381498716907885,-0.00337751650775997,-0.0071392912982257755,nuda,muz
3,56.44737978879938,-0.013364055159390653,-0.0076935094181491345,neutral,muz
4,-10.934708108470488,-0.02527643117812184,-0.00252620872094419,nuda,muz
5,-19.9419780292936,-0.06877574072377857,-0.012586861657878562,neutral,muz
6,-12.02451563265322,-0.07256947131335145,-0.006011815068361074,nuda,muz
