,PPG_Rate,EDA_Tonic,EDA_Phasic,Condition,Gender
1,85.80466984684908,0.1986495715072151,0.0062443683039908405,neutral,zena
2,50.69509034433922,0.0030823560671756345,-0.020723445993480406,radost,zena
3,13.093621222696854,0.014936766294797205,-0.03130345233337578,neutral,zena
4,-14.35171663760066,0.013385428806636929,-0.007769532814299623,radost,zena
5,-19.964619364468177,0.0943739208505793,0.0028397758389970317,neutral,zena
6,7.047410300234134,0.09033642502232545,-0.012808776937378762,radost,zena
