,PPG_Rate,EDA_Tonic,EDA_Phasic,Condition,Gender
1,93.19268637434668,0.6260071832933976,-0.030163029638691437,neutral,zena
2,-12.90293632762625,-0.045696770330306724,0.05647795774512003,zmatek,zena
3,-6.024601241912492,-0.06337277896823501,0.04564864246387926,neutral,zena
4,-50.04586166104052,-0.06695769762572135,0.044376262186376136,zmatek,zena
5,-10.180461527198858,0.0584852363732582,0.05970064418834067,neutral,zena
6,-19.977460235116993,0.13044788621090997,0.05136776671557887,zmatek,zena
