,PPG_Rate,EDA_Tonic,EDA_Phasic,Condition,Gender
1,79.37758755675699,1.4906058061144758,0.0025204992545535252,neutral,muz
2,1.4386447256889738,-0.03728085963948913,0.01520209853981618,zmatek,muz
3,-0.28975599222738424,-0.10751573236932122,0.005528605008163646,neutral,muz
4,-2.87770872846356,-0.13876903868836,-0.00028640627626851144,zmatek,muz
5,1.42527684157416,-0.20416586824698935,-0.010931835464203642,neutral,muz
6,-7.236666518493195,-0.23525214934092964,0.010496315093991812,zmatek,muz
