,PPG_Rate,EDA_Tonic,EDA_Phasic,Condition,Gender
1,84.74549584980892,0.33481900604755555,-0.013255518901217051,neutral,muz
2,-30.642366550124535,0.005785518493983677,0.017554270163677124,znechuceni,muz
3,-42.69137721721031,0.013773639629687029,0.014028531152312947,neutral,muz
4,-11.312244367815481,0.01444414788386511,0.010806055576963562,znechuceni,muz
5,-43.25287683755619,0.013201833156972043,0.011792912234006464,neutral,muz
6,-31.524784579467784,0.01023387647964874,0.009806979683420144,znechuceni,muz
