,PPG_Rate,EDA_Tonic,EDA_Phasic,Condition,Gender
1,74.54049135577795,0.15589170968542318,-0.013928918228179621,neutral,zena
2,-13.81764716551821,-0.004454474115209467,0.010110372283048768,radost,zena
3,6.301479788199629,-0.009062896233532791,0.01116734779419341,neutral,zena
4,-0.24218025627570228,-0.011996296035114096,0.008554855086832253,radost,zena
5,-20.509932156442247,-0.018048919527884982,0.01231300053993865,neutral,zena
6,-9.703668224730976,-0.020954015091283057,0.014113646844070467,radost,zena
