,PPG_Rate,EDA_Tonic,EDA_Phasic,Condition,Gender
1,80.95325389550877,0.2482582451343444,-0.0014414296250056587,neutral,muz
2,-9.534988371433727,0.0013925608034181247,0.010352185365396172,radost,muz
3,-19.492553928207236,0.008478974277962292,0.00630072562455853,neutral,muz
4,1.217613691336112,0.013650837951243333,-0.00064134244912725,radost,muz
5,4.431896693748655,0.02138850363703687,-0.0014038332838027235,neutral,muz
6,9.94165806659744,0.02763775460791279,-0.000276200192201278,radost,muz
