,PPG_Rate,EDA_Tonic,EDA_Phasic,Condition,Gender
1,72.39890845943935,0.13742878978073805,-0.0030581254697240414,neutral,zena
2,-23.76267979289962,0.004465551094006731,-0.00198644894454245,radost,zena
3,8.977263302059882,0.0024314298726731687,-0.000859500533629418,neutral,zena
4,19.0591326202738,0.0021558547204084955,-0.0003781974213367804,radost,zena
5,-10.493822641766002,-0.0010530546682020192,-0.0019546725365285,neutral,zena
6,-17.429873924696565,-0.0013210140303119566,0.003704721360618869,radost,zena
