,PPG_Rate,EDA_Tonic,EDA_Phasic,Condition,Gender
1,90.26771945751427,2.898692499590868,0.0363552485709846,neutral,muz
2,1.8609835010483096,0.02496767144738632,-0.12301788326078199,nuda,muz
3,-30.89012123599985,-0.08750267627488384,-0.06891922956543506,neutral,muz
4,-56.530495252359586,-0.13478145972602684,-0.04072367655598724,nuda,muz
5,-39.507958526464044,-0.49341240346695736,-0.05946294591025305,neutral,muz
6,-37.53127795519087,-0.5277417290360478,-0.05466385001166467,nuda,muz
