,PPG_Rate,EDA_Tonic,EDA_Phasic,Condition,Gender
1,52.107048624198995,0.3908283429150022,-1.4013241101325075e-05,neutral,muz
2,-27.936333853515794,-0.0003711194353996361,-0.004047020693524394,znechuceni,muz
3,7.756671423217377,-0.0004883246412712428,-0.00047683045860995966,neutral,muz
4,-3.6776128984314624,-0.0031426502169458193,-0.00017969073295214888,znechuceni,muz
5,-1.4225691210837539,-0.0035619382417999557,-0.0032890775325491992,neutral,muz
6,2.548198711832775,-0.002210130449461112,-0.0007261738250371223,znechuceni,muz
