,PPG_Rate,EDA_Tonic,EDA_Phasic,Condition,Gender
1,28.5439440314823,0.306952527288897,0.0035717480550885514,neutral,muz
2,80.0684560136267,0.0014675980529823551,-0.0038453557129172226,strach,muz
3,-18.912942200721066,0.0031610185581591455,-0.0035348953705162953,neutral,muz
4,-4.986016626096056,0.007856083387961343,-0.006328269974226834,strach,muz
5,-15.294917099568996,0.015104747085656955,-0.0012890779883714689,neutral,muz
6,-13.491676310485971,0.01779489009788421,0.0009552494178513378,strach,muz
