,PPG_Rate,EDA_Tonic,EDA_Phasic,Condition,Gender
1,80.05440830110805,0.12286618828053361,0.002781272671091398,neutral,muz
2,-15.723977151019326,0.002825667088601491,-0.002920208670414079,znechuceni,muz
3,-31.1562414551301,0.0027454440038447436,-0.00505862921017984,neutral,muz
4,-9.625819150355568,0.002189729912038252,-0.0032991800036095958,znechuceni,muz
5,-28.53685289219814,0.0028026446677005823,-0.0024664289471556322,neutral,muz
6,-35.82569281526635,0.002904597984499241,-0.002148545346016958,znechuceni,muz
