,PPG_Rate,EDA_Tonic,EDA_Phasic,Condition,Gender
1,81.64826108455581,0.1827097445592743,0.0012665453196110004,neutral,muz
2,-25.708135491349402,0.003022478245671867,-0.0009988238256685518,nuda,muz
3,7.8668807459080625,0.005089889624144361,-0.0006619453450189093,neutral,muz
4,-8.165846906403985,0.006894892431709626,-0.0009024158470256288,nuda,muz
5,-25.81765769961396,0.01211253307062593,-0.00047950474108098473,neutral,muz
6,1.4389169169359945,0.012918466821758012,-0.001033510867795246,nuda,muz
