,PPG_Rate,EDA_Tonic,EDA_Phasic,Condition,Gender
1,74.9282058912593,0.24612513063908,-0.004502629512393197,neutral,zena
2,11.429489836567072,-0.011113002860035692,0.008858856108993177,strach,zena
3,-9.298042662201482,-0.019188349753805928,0.007512545232539154,neutral,zena
4,-8.228584844249568,-0.019796616628411756,0.0040265170305619925,strach,zena
5,-29.12111469564686,-0.01684006846289765,0.007456114238909045,neutral,zena
6,-1.3342204025311588,-0.01941141411666178,0.006576722656816759,strach,zena
