,PPG_Rate,EDA_Tonic,EDA_Phasic,Condition,Gender
1,62.01061914950127,0.11605506347011343,0.0022251987657647436,neutral,muz
2,-12.652766674435497,0.0010708524459946134,-0.002587910173136215,radost,muz
3,-19.51710068992542,0.0004927103901178065,-0.0022059208365707308,neutral,muz
4,-21.75777659878453,0.00016393293751391924,-0.002718944496016559,radost,muz
5,2.1345521572814192,0.0006131566659629828,-0.0034373028021038926,neutral,muz
6,-18.307098374167417,0.0011174946547188036,-0.0022644646861165467,radost,muz
