,PPG_Rate,EDA_Tonic,EDA_Phasic,Condition,Gender
1,72.14155610803688,0.26882703138379266,0.0044817269206079355,neutral,zena
2,-13.448369696378506,0.004865104138061238,-0.0068146156610958426,radost,zena
3,-10.956167905900813,-0.020118496429434612,-0.002158242112273365,neutral,zena
4,-0.907032171508078,-0.0015873431954094852,-0.02599509335643161,radost,zena
5,-7.812984953515482,0.10926543130077804,-0.013224899271246265,neutral,zena
6,0.5493031127730035,0.08891686307356728,-0.011728072661136742,radost,zena
