,HRV_ULF,HRV_VLF,HRV_LF,HRV_HF,HRV_VHF,HRV_LFHF,HRV_LFn,HRV_HFn,HRV_LnHF,HRV_RMSSD,HRV_MeanNN,HRV_SDNN,HRV_SDSD,HRV_CVNN,HRV_CVSD,HRV_MedianNN,HRV_MadNN,HRV_MCVNN,HRV_IQRNN,HRV_pNN50,HRV_pNN20,HRV_TINN,HRV_HTI,HRV_SD1,HRV_SD2,HRV_SD1SD2,HRV_S,HRV_CSI,HRV_CVI,HRV_CSI_Modified,HRV_PIP,HRV_IALS,HRV_PSS,HRV_PAS,HRV_GI,HRV_SI,HRV_AI,HRV_PI,HRV_C1d,HRV_C1a,HRV_SD1d,HRV_SD1a,HRV_C2d,HRV_C2a,HRV_SD2d,HRV_SD2a,HRV_Cd,HRV_Ca,HRV_SDNNd,HRV_SDNNa,HRV_ApEn,HRV_SampEn,type,Condition
0,,,,0.17339029070517833,0.04902150685506271,,,0.7795912474391784,-1.7522102098298198,175.63566274937378,847.8260869565217,139.82236665695208,176.93607071654492,0.16491868887743066,0.20716001247362034,875.0,69.496875,0.07942500000000001,109.375,55.072463768115945,73.91304347826086,750.0,2.76,125.11269544017141,152.0249525510378,0.8229747376383398,59753.88265773906,1.2151041268528644,5.4833362398672705,738.9045889175077,0.6666666666666666,0.6666666666666666,0.9047619047619048,0.25,49.42528735632184,49.78693515535948,49.06570244946946,44.44444444444444,0.42411545623836117,0.5758845437616387,81.48108641905709,94.94726786681719,0.5859901693917537,0.4140098306082463,116.37509317359657,97.81832081456938,0.5206228786484888,0.4793771213515112,100.4547902172742,96.39348412199642,0.4250265982040933,0.8947845266531914,stimul,radost
0,,,,,,,,,,75.74499777213013,790.625,84.57730376702725,74.93486755176124,0.1069752458713388,0.09580394975131085,812.5,69.496875,0.08553461538461539,93.75,40.0,60.0,203.125,1.6666666666666667,,,,,,,,,,,,,,,,,,,,,,,,,,,,,,base,radost
