,PPG_Rate,EDA_Tonic,EDA_Phasic,Condition,Gender
1,68.0801934685868,1.1582579594563704,-0.009560953493096526,neutral,muz
2,-12.669408544824925,0.0877767319417122,0.012443747279449979,nuda,muz
3,24.28700899779676,0.062919476704284,-0.023262927045296367,neutral,muz
4,41.47421307121614,0.04531927348502096,-0.01952376971351782,nuda,muz
5,-15.642651236866158,0.01850172487274304,0.020736654434004978,neutral,muz
6,-5.160157501101338,-0.007457351872689255,0.011288572649480313,nuda,muz
