,PPG_Rate,EDA_Tonic,EDA_Phasic,Condition,Gender
1,76.25339037962824,0.724094829724256,-0.02140363314622659,neutral,muz
2,-33.87047122438614,0.031176216831415804,0.029658664420958592,zmatek,muz
3,-31.207357480969378,0.023763980186441325,0.026869393333877386,neutral,muz
4,3.104058028404424,0.04966841295410884,0.0036427170590797135,zmatek,muz
5,1.3716722252808893,0.3021722190935354,-0.0022262486993149116,neutral,muz
6,-17.02674252073747,0.35749924904827424,0.028446617584564307,zmatek,muz
