,PPG_Rate,EDA_Tonic,EDA_Phasic,Condition,Gender
1,72.34884721155814,0.6101198357065132,0.00412531490749758,neutral,muz
2,-20.947278431613036,0.025512881308326185,-0.0014031636946817885,znechuceni,muz
3,3.6148039174673983,0.06431169562881811,-0.007414657568488421,neutral,muz
4,14.622021890942946,0.0794317074443106,0.002503161709243219,znechuceni,muz
5,-20.059462284120457,0.09320744279248316,0.016970540818186983,neutral,muz
6,2.9565463956124916,0.10112551603343367,-0.003999358762917625,znechuceni,muz
