,PPG_Rate,EDA_Tonic,EDA_Phasic,Condition,Gender
1,62.89245982694684,0.15430525190930516,-0.0005719877379136323,neutral,zena
2,-22.284980493340967,-0.0011206292287314346,0.0019995014638561704,radost,zena
3,28.39864098682049,0.0022047820263205176,0.003977172058403797,neutral,zena
4,-30.83767504071701,0.0031873667954397944,0.0003051603351148462,radost,zena
5,-16.140511054690315,0.004888658403331941,0.0009326794660556598,neutral,zena
6,-17.461306119964014,0.005791364930994858,-0.0003131791385809333,radost,zena
