,PPG_Rate,EDA_Tonic,EDA_Phasic,Condition,Gender
1,74.32258064516125,0.21176521737988488,-0.007394326683777667,neutral,zena
2,7.575772990632345,0.0017625379223721038,0.009502586184715781,radost,zena
3,1.407301493586374,-0.010998880671646671,0.011385017842312235,neutral,zena
4,7.812933118294325,-0.018140257672606935,0.009640285300121867,radost,zena
5,2.2590738021966104,-0.029378719957082744,0.009709392373444752,neutral,zena
6,-24.66303272664149,-0.03321764377369882,0.009345240119731282,radost,zena
