,PPG_Rate,EDA_Tonic,EDA_Phasic,Condition,Gender
1,72.97054454109696,0.15429713605262108,0.005152300659675009,neutral,zena
2,-10.150940013544151,0.005142768319855107,-0.016375704583752107,zmatek,zena
3,-10.746878623882345,0.009748338721280975,-0.010903107096619064,neutral,zena
4,-24.662232775457966,0.01363069104855072,-0.012112897618768399,zmatek,zena
5,-15.518196375978533,0.018658403199339868,-0.015276471827401127,neutral,zena
6,-2.588126551972948,0.015095666633666183,-0.014143037278704883,zmatek,zena
