,PPG_Rate,EDA_Tonic,EDA_Phasic,Condition,Gender
1,69.46265653235875,0.6206886488444187,0.005028584491807799,neutral,muz
2,-12.193454673719216,-0.05864619724098985,-0.010435405948787498,nuda,muz
3,-24.885107128018348,-0.08924571158982775,0.0347146040204123,neutral,muz
4,-13.359553740101042,-0.09372210245918422,-0.015376661409713568,nuda,muz
5,18.7160428603745,-0.17750979640326975,-0.0136215474631254,neutral,muz
6,-4.4982098538283,-0.2093273266033307,-0.012665348803242183,nuda,muz
