,PPG_Rate,EDA_Tonic,EDA_Phasic,Condition,Gender
1,69.20840914465924,0.1447172922907095,0.012163605476278174,neutral,zena
2,-0.3823706817049839,0.01792768551470711,-0.02052104061854433,nuda,zena
3,0.9062959383649343,0.050230814774170574,-0.019372722396597614,neutral,zena
4,4.755377280548089,0.0734257066185274,-0.02575249010547275,nuda,zena
5,-17.35807789016861,0.16433934165042102,-0.02384514965155643,neutral,zena
6,-1.564747585727659,0.18165218452555942,-0.03257148817792935,nuda,zena
