,PPG_Rate,EDA_Tonic,EDA_Phasic,Condition,Gender
1,59.74716633219772,0.10544514680149554,-0.0003994175767723677,neutral,muz
2,-13.585630438127147,-0.00011506996270820025,0.0007454252155338138,nuda,muz
3,-17.23249062158444,-0.00027656580386299645,-0.0005776567813150163,neutral,muz
4,-17.36618098750146,0.0002019243531176801,-8.901598003562179e-05,nuda,muz
5,-8.927026634956803,0.00021894279604110778,0.00048215794005276354,neutral,muz
6,-19.25437214780326,-0.00044824354649083964,-0.0010149564311903044,nuda,muz
