,PPG_Rate,EDA_Tonic,EDA_Phasic,Condition,Gender
1,77.88070564891426,0.23783948595847623,-0.007335617376906694,neutral,zena
2,-17.359101920879247,-0.01637522803166616,0.012081588628896314,strach,zena
3,-37.904629572348604,-0.015555112941888521,0.008202350669461041,neutral,zena
4,-15.494644328328746,-0.01616047080983668,0.011785702479462451,strach,zena
5,-23.12171176629765,-0.008823956800704441,0.01708642861769169,neutral,zena
6,-3.4419244255728785,-0.004545367934058936,0.009232358938818701,strach,zena
