,PPG_Rate,EDA_Tonic,EDA_Phasic,Condition,Gender
1,82.54160480241141,0.4021875129183069,0.0008228363865678131,neutral,muz
2,4.161892035823499,0.007081476963790856,-0.0009629589909052912,pozitivni,muz
3,-3.1453047528398628,0.01862566344657779,-0.0025550374052528517,neutral,muz
4,0.3848209081531877,0.023443750455854895,-0.00031988433565754027,pozitivni,muz
5,-0.3186857224896755,0.059990140163513284,-0.0072535285399540576,neutral,muz
6,1.4560611395494476,0.06814584463495393,-0.0005351022133599486,pozitivni,muz
