,PPG_Rate,EDA_Tonic,EDA_Phasic,Condition,Gender
1,68.3847192017863,2.4395355751010155,0.05728908881365398,neutral,muz
2,-23.973209414898847,0.06145181539598754,-0.014800915685545889,strach,muz
3,10.276543262171472,0.055176766754484685,-0.14147392882605173,neutral,muz
4,-13.949154545624474,0.20255232606815543,-0.08031414013372713,strach,muz
5,-29.452406308585573,0.28465540283143165,-0.09129932375170054,neutral,muz
6,-26.510218950707227,0.3800773306574108,-0.1761373025798562,strach,muz
