,PPG_Rate,EDA_Tonic,EDA_Phasic,Condition,Gender
1,57.40927644874836,0.13939662673664402,-0.0022647682154368566,neutral,zena
2,-3.524543388161149,-0.004341156394237017,0.003057609500365103,znechuceni,zena
3,-17.68643177944803,-0.007650330273438949,0.006776051042053085,neutral,zena
4,-5.906548136642414,-0.00832903528419729,0.0029916391594966363,znechuceni,zena
5,1.3476962735226792,-0.00874322705304717,0.002878845921819328,neutral,zena
6,10.739941382758047,-0.009925997524685815,-0.0009592084871648211,znechuceni,zena
