,PPG_Rate,EDA_Tonic,EDA_Phasic,Condition,Gender
1,92.07500768521366,0.5950129887353969,-0.005466489476881617,neutral,zena
2,-22.115967407835086,-0.01732388156506448,-0.013751471006601264,znechuceni,zena
3,6.578359754976347,-0.036748099048223404,-0.005899590813482569,neutral,zena
4,9.241054741266638,-0.04361963334586816,0.006583057519844317,znechuceni,zena
5,-22.24695288326005,-0.05042453273635039,0.003849002012199405,neutral,zena
6,-34.307703695744124,-0.051176140993055785,-0.004593453090033209,znechuceni,zena
