,PPG_Rate,EDA_Tonic,EDA_Phasic,Condition,Gender
1,70.99799902023187,0.2807752218116191,0.004035421331719311,neutral,zena
2,-1.9628641362678252,0.005034742703741268,-0.008850334690022898,zmatek,zena
3,-18.279320136793885,-0.005086793062061057,-0.007202283717176128,neutral,zena
4,-7.441987146021738,-0.006789414617034584,-0.004418770522464371,zmatek,zena
5,-20.44562438384653,-0.015272101878820887,-0.010199982876629071,neutral,zena
6,-17.545459373720753,-0.02099722658670722,-0.007946295491674598,zmatek,zena
