,PPG_Rate,EDA_Tonic,EDA_Phasic,Condition,Gender
1,75.83757897154963,2.2956559866867217,0.015198457074953346,neutral,muz
2,5.417640102534094,-0.09285507615817723,0.0042780193607925305,radost,muz
3,-0.02044498534043271,-0.29000411763356926,-0.00863438378460809,neutral,muz
4,36.886534625033406,-0.2706662233463506,-0.07605716051330258,radost,muz
5,42.786228271035284,-0.14846082637568792,-0.03877092869865781,neutral,muz
6,6.44276180262861,-0.2641193115143423,0.018058258991190672,radost,muz
